{
  "number_products_rated": {
    "count": 16121596.0,
    "mean": 3.08,
    "std": 13.18,
    "min": 1.0,
    "25%": 1.0,
    "50%": 1.0,
    "75%": 3.0,
    "max": 26615.0
  },
  "avg_ratings": {
    "count": 16121596.0,
    "mean": 4.09,
    "std": 1.21,
    "min": 1.0,
    "25%": 3.67,
    "50%": 4.6,
    "75%": 5.0,
    "max": 5.0
  },
  "reviewing_since": {
    "count": 16121596.0,
    "mean": 2011.05,
    "std": 3.39,
    "min": 1996.0,
    "25%": 2010.0,
    "50%": 2012.0,
    "75%": 2013.0,
    "max": 2014.0
  },
  "helpful_votes": {
    "count": 16121596,
    "mean": 6.3665138365,
    "std": 87.5568870813,
    "min": 0,
    "25%": 0.0,
    "50%": 1.0,
    "75%": 3.0,
    "max": 124429
  },
  "total_votes": {
    "count": 16121596,
    "mean": 8.5838450486,
    "std": 102.0807714164,
    "min": 0,
    "25%": 0.0,
    "50%": 1.0,
    "75%": 5.0,
    "max": 149617
  }
}